0, 66d0a7f8-8c67-4f5e-8451-59c1575514ed,0.909418676
1, fadce0aa-0c18-4f3a-9c0c-87a1b1741795,0.78444386
2, ff1600c1-1c2c-46db-809b-45650a525b01,0.077653745
3, 6ba1c757-a810-46b9-bbc9-47d552abcad9,0.452718777
4, 7b6ea16a-d08f-48f0-92f0-da22947feeb8,0.022951621
5, ef8439eb-7d18-433c-b6a7-3e74fcf3de78,0.409166339
6, bc845069-3916-45eb-a613-3d8ea22f7949,0.035968793
7, 42319094-08e7-4288-8e91-b2d1d4bd4dfc,0.052129031
8, 46aa4247-a1a4-4a19-b773-20afd364f11f,0.109216383
9, da996571-344e-4325-b4cf-cb0d613a655c,0.971109107
10, 3ec700c4-870a-4281-bdb2-d196092e44cb,0.124827842
11, aeb757ef-242b-408a-8fd6-f723fe376cdd,0.174589435
12, c9241c6a-6692-40b8-8cfd-75a2a8af22a3,0.019188847
13, 6a39363c-91b4-44b5-9ce1-095152b58caa,0.444624798
14, fe09f510-fcbf-4fff-8f55-c3b62c809426,0.098750619
15, eefa92ba-1a8b-4363-a3a2-0c175264a938,0.828393871
16, 851aaf6e-5881-42fc-8252-60806af3c949,0.228904387
17, 202b3884-c5b4-4e67-ace3-2ecd3eb9ae5f,0.200976248
18, 1b916433-e7e9-4be4-8d50-6e1396cb4bee,0.235577869
19, cabb34cc-6034-4f94-9a11-23421c569e9f,0.323036745
20, c6e212f1-4df3-4211-98fa-f5c492d708bc,0.553596685
21, be89279a-3a49-4b7e-8710-72b9c0140c24,0.845422495
22, 2082cc75-d518-4097-a478-5fc3b84fbf27,0.912693726
23, 0db77c33-c50b-4df4-a67f-10da5355ac02,0.887971829
24, 50a0a8af-09b9-4af6-9711-180ed55756ea,0.651682033
25, d015cf38-084e-4b60-ac98-a6fd977b4857,0.549284273
26, ce417622-b40c-47f6-ab56-6f00efe0a681,0.973453767
27, 1a483114-da96-4a2d-98f8-075b8d5cf1fc,0.960883707
28, 94bdbe94-27c0-4744-a2d8-e3fa1ed45b37,0.947808538
29, 7f07bea1-d067-4f80-a565-9c5927bae4c7,0.285975505
30, 76ea1123-36e0-4304-9a0e-d66be30082b5,0.460359873
31, 0637ac02-28b2-46fa-bb48-49966eab7d97,0.729459417
32, 91739085-1794-4d31-8276-958a42eee4d1,0.620712277
33, f39c6e7c-59c5-474c-90ac-8691e55aadcc,0.22486672
34, 9cc47259-de7a-4a2c-a402-e8892c77e148,0.907304332
35, a0620e05-94ee-43f1-8d26-3537af574f61,0.988865442
36, 67747e6e-6aee-4067-a872-a5c1f4f49a7b,0.832769637
37, 9464da45-1758-48d1-a401-73bd3dfee60a,0.511142312
38, 7fe34598-35f3-4478-87c7-a05e3758822f,0.139094664
39, 03cb6f6d-069e-4c28-a106-e4de0d056db6,0.357192207
40, e7582095-7838-4e10-8cfb-486e53be24dd,0.040231705
41, fdc4f588-8869-405e-95a6-a3b18dcadc8f,0.926113977
42, 9d6f3285-1acd-4c89-8392-aaa62c65a9f0,0.937632821
43, f6b737d0-2879-44d1-9042-be8e9e8b4a56,0.745541641
44, f45006b8-eae1-4953-8106-52b05ff7df0a,0.093491354
45, f82361ee-a1ae-43dc-b22e-2999cb22e60d,0.203608568
46, 8b4cdd2d-9621-4b24-801e-8587708b5569,0.69472126
47, 5319ba19-4d9e-443a-a1b3-b2ed84327c94,0.091986576
48, b9d25f5d-8912-4354-b3e2-7ad7b7d3d1da,0.221526553
49, 22868cd7-46c5-4f8c-bebd-2df531e179c5,0.870973212
50, d0ac1dc9-d403-4170-99d1-89b34663d66a,0.366919681
51, c1c0cf37-2faa-483c-91c3-067ec7259b4f,0.648699064
52, a15fc7a6-5955-4ff5-94ca-705fcbc4159a,0.7446318
53, 75459162-e1e3-439b-bc53-905941cee171,0.831301829
54, eee8c541-39a6-4e08-a42f-0d9e7a0647ad,0.459364414
55, f501e53a-9c6a-46a5-8b20-ccc8c355c665,0.063996181
56, 466cbfe8-4482-4854-96f8-68bcf1b9a3ae,0.871750134
57, daaea071-e6e2-4de4-b297-5989888b81ad,0.189681916
58, 4718b63e-e8a1-4354-afd0-9c682dc644f2,0.801036744
59, 3e55f4e3-caa6-47b6-a97d-621c410ab6dc,0.473667348
60, 8a9d7381-672c-4ea5-82f5-1f3847662d10,0.435712572
61, ed1b1445-ce33-4a57-8000-72b362872eeb,0.075085085
62, 21c1ad9a-b791-4f78-a5d7-d9f2d07a2753,0.104320493
63, ad8bbdf8-2b53-44ef-bd14-3226baca04a2,0.823240878
64, da1501b5-a197-4888-bc11-488c1a81b991,0.510749234
65, b37ea26d-1943-482f-ae87-5915b5dc0942,0.395368425
66, 577d68c6-bf38-4d96-995a-566a3ac8c4d3,0.553877158
67, e3062676-ffc0-409c-ac29-625bcb8f81d3,0.794322127
68, 1a1f77e2-e708-4475-96d6-1c40c4cddb14,0.537320466
69, cabfe8bc-34c6-4183-91e0-f23bc283ceb2,0.109885177
70, d6e353f3-8a56-41f5-99eb-3a9b0461b6ca,0.995624234
71, 036962e2-6684-49df-9283-13448ce03a4e,0.717762075
72, 75157904-2a72-4a0d-9df0-eadfa08c7e07,0.061881584
73, 5a2ce096-cd0d-4048-89a8-1931f5af07b8,0.878385662
74, 0897a402-52ad-4eb7-bf1a-219fde8dd518,0.28280504
75, 6f3efea1-f1e5-482b-b962-f8ea5a3d1560,0.627482707
76, ee6a9cfd-4a57-4133-8d04-cfebd632d8f4,0.907789674
77, a264675c-2f59-47f0-9854-920ead2fb0e8,0.167152084
78, 2ce25db6-8fab-409f-b27c-62d59ef0dbe8,0.794480475
79, bbd1b3a3-90f4-44bd-beb3-f31a0b1f3252,0.448073465
80, ddefe5be-e2f5-467e-897b-6e885f4bdf75,0.854563012
81, a6ed5f09-e5c9-48b6-9cc5-e2a99f2ce458,0.881467191
82, 61600afc-ab68-498a-83fa-c803e1449fd1,0.739357155
83, 4f5a0604-d75b-4e56-bacb-4033cc47a62c,0.076835326
84, 62cb1812-29e7-43ca-a75e-e8967583fc7c,0.919055824
85, a05e4a41-7817-4057-b8b3-20963538a69c,0.811660809
86, ea1d0024-2684-4468-b8aa-b4137ba625ce,0.984827617
87, 7fde5ff3-ba8f-466a-acf6-8f4def11265e,0.789410448
88, 55a76e1c-491b-464b-9e85-4368c5f81d5e,0.765502306
89, 08b36e13-6548-4e9f-b26e-a0b60405e8bc,0.843308151
90, 048b33bf-c9d6-4b45-af5d-209e2714c629,0.117115308
91, 228b1b4d-1b6d-4967-aad2-87a937238e20,0.643087722
92, 43d322c6-b81a-41b8-bc16-97413d69a78f,0.710105568
93, 8dd14541-61d7-4bec-913b-04f9685204e4,0.665427316
94, cc596a45-0565-4b73-b175-5c0edf449c96,0.921479634
95, da5b8c19-7e9d-4739-9a4d-9d5717f6ef54,0.96514662
96, c17c5e18-f153-4e08-b7ac-75bcd3b8d0e1,0.821793484
97, d6f416db-4503-4ceb-95a0-ff180f3e871c,0.114391943
98, cd7b8546-710a-4f62-9b73-3189c788b4fe,0.234792407
99, f1eab9b4-41bb-442d-921e-240b81d191da,0.698122929
100, e4de8826-1147-43e4-9c9f-6c21439f330e,0.64973141
101, 925e5bd3-bbd5-486f-87ed-158c4fef415f,0.900399133
102, 7a5c0dfa-e28d-4080-9389-21f669fd672c,0.55466611
103, 15437a9c-f613-4a1e-816f-e248531a28cf,0.111641375
104, 2977c459-c709-4cb4-9b8c-fb32d3a76966,0.875348978
105, b7239db1-faf5-4708-8809-ec90a407cce5,0.649157606
106, aa439ad4-0eff-4b89-b540-7d13eb977754,0.58681748
107, dee795c4-46b0-4459-97aa-50c4dd0cd7d0,0.866246138
108, 07af94c4-8fbd-4276-8e31-e9968f8a9e20,0.54849679
109, 470f3ee8-991e-4546-8963-dfbe08ff0786,0.831881707
110, 4ebf113c-d481-41a9-a034-c83dfa3bf885,0.156206508
111, 1afc1701-0f89-4097-84ad-98cc0253f78d,0.704598049
112, b9f52c3d-ac24-4e12-b205-b554bda99f9f,0.395201441
113, 06527bdc-24b2-4497-b44b-2b54a1ec60fa,0.352963279
114, 3223dfeb-bb08-46b1-a9e5-bb4cb94eeba6,0.619104336
115, ab9532e7-ca4e-4b15-ad3b-1cd262a32623,0.554245381
116, 1aaba9c2-aa45-4595-b600-149b85ce86ba,0.335727931
117, 38ab3e75-b05e-4492-9c8e-6518c9d5b139,0.027485167
118, c71cdcd7-d8cf-4242-9496-387f4d1be600,0.904185054
119, 515e5537-305e-481f-8a7c-c5615e43e428,0.699088425
120, 1b4f078f-41d5-4f35-9c4b-d39a51494569,0.410540808
121, 3cbd8348-a400-4a44-a374-a25a77c3a720,0.76446671
122, 580732d1-dc98-4b7c-a9a9-2f005c65e217,0.028819821
123, 2cf28330-820f-41b6-b50c-cd8e1f404144,0.694012315
124, 2a275da6-9925-4787-99ce-1b59ee0888e3,0.99276987
125, fd9f29bf-2e66-4335-ad66-e6a0583df262,0.352536512
126, 50cab4b4-0e81-41f7-ab72-58d449180f07,0.007656507
127, e7f7a3bd-1bd2-4096-b933-72a3facc891f,0.396454268
128, aae74e48-659b-4f5f-bab6-30a9cc42a4f5,0.956906028
129, 14be8c1b-906d-4857-b176-4563a2aa52f2,0.31765842
130, 0884bdc4-5f53-4fb7-a53c-d7b4c4ca1689,0.805689223
131, 9e7e770c-2bb8-4357-8652-558e37fcbc26,0.793397731
132, d530d6e3-c49f-4170-b5e2-1c3fb9486cbc,0.932359677
133, 28bd8b2c-f99a-4c96-89d4-c6a31e0770a5,0.096357546
134, 43f8919f-51df-4b88-a4de-2f54c5e1da0e,0.798342055
135, 2d58d252-ac80-4b39-a32a-025d2539d228,0.954163879
136, 49e306f9-3aaa-49aa-b2a6-411d65548e8a,0.326801081
137, 59a395a9-3a30-4a90-9d00-1935ec78bcd9,0.627715779
138, f48c898c-8012-4eff-b4f4-cfa2f955dc93,0.201486348
139, fed33b9c-cdbe-4dd0-8825-1a7b4e831856,0.269898217
140, a55f7b9b-6c1d-45dd-9882-f0e9a3c5ef57,0.224843328
141, 357229f3-724f-4204-b95a-01e0d0880f32,0.118581479
142, 68a47363-de00-421c-8ab3-1dc5038ef123,0.240913659
143, a62c8dd3-505c-4b70-b5ee-a330bd881358,0.9336206
144, efa2b9df-80e1-4cd1-8737-604ae0eba106,0.687101643
145, 1bfd032f-1144-4581-bc88-ce173a16985d,0.412517258
146, 0ac8b03c-f9bf-4f20-862b-7e5bc79c86ec,0.247886281
147, 319a41c6-97b0-43a3-97b4-e53c8c9e6a9a,0.357142289
148, 6c313da6-c80b-444f-babb-ac61fdfda918,0.04632298
149, 8ef5fe8e-9482-47c4-874a-15f4a3096214,0.367234253
150, d7694f2a-0698-4b04-b734-2b8e23e534b7,0.629418689
151, dc679416-5a29-4ab7-96ee-e63b5b21017c,0.794308317
152, 19e64214-3f3c-400a-adeb-b1e25c41459c,0.210206889
153, df58f5ef-fd31-48a8-a55e-399aae0ffb83,0.535703982
154, 947b4bff-b64a-48b4-90c3-920564e19dfa,0.287582121
155, c23db331-0b49-4279-ac32-9e91b7bfe4e1,0.8852647
156, 323aff9a-7316-4233-94a5-12ae5391db64,0.871579312
157, 5532017f-081e-468a-832a-e25afee6295c,0.860653795
158, 21c4cd35-88c5-41d5-944f-d0ac86f2746c,0.118871506
159, b424f149-011b-4d11-af6b-3ccbd2b41e73,0.522812466
160, da956790-94df-4d8c-ad9c-fdd30ce7f480,0.6415011
161, 89fd9c29-76f9-4d8f-b49a-504308680c3f,0.190363213
162, 4c7127cb-ea1e-40ae-be90-a596374289a7,0.90934011
163, 0a2d4ca0-46e4-4c26-aaad-8df7792ebdef,0.23083837
164, 7f5704b0-c92b-4522-845d-5094fe597e76,0.026192483
165, 5d6d113d-3d14-4726-a2f3-d3cb5a713b0c,0.362808777
166, 65a76992-6a1b-4f08-a7ad-f5b99016da79,0.772238372
167, 9ed2efd3-61cb-4a62-971d-661008115d5a,0.298843895
168, eca87fb9-49d1-4305-9386-9847d7b8dc1d,0.554621224
169, d9607d0a-c460-48b4-9184-cf74fdcaa850,0.664940457
170, 5c2bcb72-c6e0-4e76-b9ea-da5a2c9352ac,0.227444301
171, ae2c14b9-197d-4cee-ac03-f1d62a36af10,0.708012151
172, 7d7b7dc9-95e3-4f3c-97e0-bd2532b3dad1,0.825998819
173, 814de201-2356-4862-97c5-ef9c51a9c3d7,0.634286837
174, 3bb54ab0-2e54-4992-9876-62e4b7f5352f,0.474245097
175, 9452d0d8-a0b3-4042-902f-bcf75cf35fa0,0.291959328
176, 5ac20905-c1a2-41d1-8eec-e226c162ffba,0.523553051
177, 883c62a4-6883-4b48-b2d2-4fbef22ff2c6,0.095199222
178, 1779554b-0697-471e-9ed8-707d8c355628,0.006910672
179, de9c9c08-e113-469b-a16c-b1d67d0c5322,0.580252611
180, c15a4821-181a-47ac-87b4-0caf4887058d,0.104650231
181, 7eb14632-e5b6-4f5d-b673-07829cddd18b,0.650514217
182, 9a2b070f-d4fd-4540-82b0-6306a04479f8,0.350131288
183, 2881f21d-3b8d-4ed7-a6f7-b1b7d5d0f436,0.589671775
184, c896f072-c79f-4991-9cde-6aa1c8683ef7,0.688239731
185, 8af3b619-9999-4c3c-9da5-12b7e498271d,0.011380907
186, d3897b13-63fd-455f-a0c3-f519a6485d88,0.583190842
187, f039f0f2-07d8-4e19-9b2c-652e81e2a174,0.396655695
188, b0d1bca8-4c7c-4669-8c3d-51d323e905bf,0.808775424
189, 24322cdb-ae8e-4091-8dd0-d8c4022bda2f,0.913077355
190, 8ee30411-ebf0-4fb5-84a1-6a2a9e657667,0.082584567
191, 259f3a5b-b3d9-4634-8f47-058d7f4b1309,0.466147286
192, 3f1eaab6-ece6-4749-b632-a502196ae19b,0.508844273
193, f9e0ebc0-5a21-4ab8-bd67-e3788a85cb3c,0.678673882
194, 1a87728e-4fab-4677-aee3-dda236777ea0,0.628397118
195, f2cf0418-d6be-4aec-9c25-a75f073c6dae,0.034480116
196, 7e123bab-94ca-4c5c-8fad-a8ae58349981,0.209241369
197, 1aaa1007-3a9e-465f-afa3-b3ea3118e01b,0.010075289
198, 3b4f34d6-6220-4502-820f-d99b37521a7d,0.907428116
199, 3b375e93-7e2a-48e1-b91f-f2b307bc5d1a,0.324292866
200, d24eb184-22eb-4ba7-ba29-55c3479808a5,0.640278886
201, 310544fd-c29b-425c-a82a-c7539d15deae,0.949042386
202, 1a97d6fa-8f17-49a0-96cd-e0956ae4b99a,0.802521066
203, fdbd8f79-2022-4a80-b3b8-05594c3c8c85,0.381382523
204, f06af83e-ac54-422b-947d-164fa0671bb4,0.139789952
205, d510d479-747c-4ffb-a72b-d5ea660e4a7f,0.921406538
206, 2861a476-e88b-4165-9398-1c661fe0acff,0.968309497
207, 93d51f39-94af-4e1d-a28d-4c2eb8fe78aa,0.575920052
208, 7cab8f86-23d9-4ae4-999c-b553747d8631,0.061458885
209, 53001c89-b312-4e20-94cb-330a34547881,0.995622793
210, ef0afc4b-30ec-482f-9146-e04dd9556153,0.361711649
211, 3ec14b0d-d21f-4c5f-819b-fbd74c2922b6,0.77638009
212, c953e923-6dee-4e40-97fd-7720d82315ad,0.853743123
213, f0935461-68e6-4b9a-aee4-2919ad6093b4,0.538618895
214, d60c2d41-ef48-4fa4-9625-a2ac4c00355f,0.418162235
215, 52503d8b-3013-4179-848f-30bb52c7c8fa,0.990986882
216, fe43fb70-c211-4c54-8bdc-d9808523dd21,0.840231925
217, 86e9fc3d-9326-4bd0-949e-f4fa4cee37d7,0.319668336
218, 500ef975-2e0e-435d-8f30-27ffca7e5c14,0.542598639
219, 84c151cc-38b1-465c-8ee4-48051b4d7dad,0.014811576
220, 0694c834-ac34-40f2-a2be-c67867032955,0.779617935
221, 38334ba6-ff5d-41a5-b9e6-b619475f27f6,0.375582677
222, b1b3ab8e-4492-42c8-94ae-595f55b145da,0.49006847
223, 4e8617a3-91ea-4e6f-8a1b-8abdd7bc6d61,0.641543869
224, ba2c7c81-ebc9-400b-8570-acbdd16947a5,0.582355889
225, 9a9837c5-8dc7-4667-89d8-3edaaed10d0e,0.761297015
226, 417daed8-0572-42bf-9c92-be7ca19d44a4,0.199167878
227, dacb401c-6a17-4ad3-9a20-693aac91520b,0.147324937
228, 2d21d446-f76f-4c0a-bab4-cd1571e8d3e1,0.005889719
229, 0dc74a47-c8d6-407c-936e-f43cbfe2fe73,0.439764981
230, e507ea2c-4826-40f1-8ce8-b4c8df633db0,0.082717959
231, 14e68409-273b-42b9-94fb-c7362730cae6,0.513477762
232, a6179ece-cac9-4d82-8445-d931e8af5db9,0.187771105
233, 6ca72370-c5ff-41f3-ad79-97b736e57c61,0.682617806
234, 29cde6a6-5e6d-44ef-81ea-0e0b12afe20b,0.939973725
235, 8d757b12-01a7-4033-baef-93afa2694e96,0.155607845
236, 9c972d99-d3aa-4395-8f02-8bdc7ccf13ea,0.847993152
237, 9ef3ae5b-d49d-490a-a34c-1cb5a6d729d2,0.968748765
238, be1aac38-fba8-4fe3-a9eb-6226517aee46,0.449881822
239, 409a91ff-9edc-414c-bb2f-020b2b810d67,0.766833193
240, c6652259-8ffb-497d-8d98-3f8308fb0d62,0.043071409
241, bd71d188-6e4d-46ae-bb37-c2535c3331a1,0.00727079
242, d82a246c-3248-41c2-8fd9-c298c0cb4016,0.33519681
243, bffe1c80-dfa3-4a3e-a42e-893965c87b5d,0.813152631
244, 3dc34ddb-282d-4934-9797-1ef71f8893fb,0.551365706
245, 4531dcad-133e-4764-ae90-2c8d34b16056,0.306204477
246, b207b32c-698c-4911-816c-e058289580e9,0.612404162
247, d854065f-02d4-4e58-b2c5-aabc35f1fe47,0.970225379
248, 24d58809-c17b-4620-a4a8-b69a7367d8c2,0.260511647
249, feaa3a35-aa08-4b19-b439-b09cad6c4a0c,0.637410235
250, c8ff9106-9b72-4e72-ae0a-9c0fbf57aa8e,0.194248191
251, 3f8c2922-3e67-4fd5-8c75-acfef44a05c8,0.889573034
252, 9cf300bf-d3f4-442c-a855-480fd62951e3,0.46747665
253, fa4d57ac-4c1c-4f81-97bf-f4aba2d1ec2b,0.89261654
254, 1fada188-f3f8-4231-94ad-4b9d71831ab0,0.54467493
255, b433e233-8e71-4906-af02-2b72a763f755,0.264696209
256, a8136ed9-97a3-4394-97e1-04bc224bb193,0.458973916
257, 6e07cc00-1299-43bd-bd8e-b9d3cc8d5278,0.160977197
258, 4fd4bc45-63e7-410e-a1e6-3ab3c349cb72,0.799026634
259, 696771c0-acaa-48e4-a8fa-45f714f81239,0.378492938
260, f855a01a-75ff-409e-a8d1-bb6ac908408e,0.72223866
261, 8cdb0f1c-36bd-4721-b57e-054a1ec3164a,0.82098456
262, fe70b97d-a251-4250-b38f-a87193a6dd57,0.570030332
263, 0eedffa9-1ae0-4a20-8ab1-fdf3646f1d68,0.621693904
264, 34749ba4-ff4c-40ea-b0a3-8bf7f7e58600,0.912904834
265, 686dda38-7d89-473f-985a-bead8bc1e10e,0.848233886
266, e2d71ae6-1362-420c-9418-1b6f9822693c,0.588608985
267, bfb2c720-f53b-40d4-929a-14a6a753e53f,0.171125317
268, f86f0e6c-c739-4e0e-bd30-5e67dbdc5081,0.598645169
269, 8cf45615-58c4-4038-8dd7-30431d8dc29a,0.26255439
270, e3beae91-ea8a-49e8-8a0b-661222f0f4aa,0.142993731
271, 9f2e7bd8-ae8f-4eb6-abe2-5fa17ebdd0c4,0.87148316
272, 64e14ace-edf3-4acf-9671-481c63d9b422,0.869786513
273, 48a2bf58-a96b-46bf-bd40-ad6eca7bf4c8,0.775765446
274, 02d6bbab-11a1-4341-8f93-fce0fa2785ed,0.971740167
275, 2619a8da-a732-46b9-a709-07e5fc20267a,0.772347145
276, b501c6d0-bd0b-4298-9b82-f6e5dfd947cd,0.040385867
277, ab9b90e7-06ae-424b-9650-7f70043706e4,0.676915839
278, deb4a093-b6f2-4d58-857c-21e3d9c1ed4d,0.090178163
279, d6493647-13b0-4598-b621-ff2b786ec03a,0.276151412
280, c584d9e1-6741-4736-9aa1-10b73bdbd24d,0.148892853
281, c41feda3-0f60-4a28-9bbd-19b432b29097,0.228942499
282, 66e6cbad-8e2e-43d6-aa05-9cb443ca332a,0.88681329
283, f8bec5c9-142d-4bb5-94ec-24b1457409d4,0.368479484
284, 87b80782-ca99-4207-b88f-a82a3b7aad2f,0.24551679
285, 4b1b7962-9974-44ae-8ae6-6183a870af56,0.193144925
286, 06d3da10-430e-4908-8668-5f7eeca3e4ef,0.046001113
287, 1bb77f5f-d15a-456e-b39a-e6e70148778d,0.295154565
288, 6a2b04b1-d543-44a2-8dbf-32e9ce10c9d1,0.137942876
289, fbbaf3e1-9029-441e-b66c-b4080048cd80,0.675277517
290, 26be065b-2d4b-4b00-af5b-67a299037f66,0.696633929
291, 46b018b5-a5fe-4a07-a9f3-22e76d06fad8,0.687015955
292, 3d944b3a-a410-4147-b7e3-5d6e4744e000,0.169722131
293, 429e1c30-13a9-4001-8672-5da5f881ad52,0.071388884
294, acdae59f-38da-4c3a-8c26-bd99d806167a,0.044594533
295, 56b0fb9c-4233-46e5-b967-1e11d290e898,0.222086849
296, 5233da3a-60c3-4896-b3c1-faab46053f5c,0.437240458
297, 6f4805b2-d5dc-4cbc-baca-e58ba3fcea8d,0.713502906
298, 1c2b8c3a-33f2-40f5-9b2a-c866b8a2630f,0.900247797
299, 34d1ca45-ff5f-4484-9cce-af0e94047da7,0.703131819
300, bcfc33ff-9f25-4c2d-b19f-1fcb93618d47,0.717595493
301, f972389a-9bdb-4f24-8b72-1b87626538af,0.441278845
302, 05edb280-88d2-4a9b-84e1-7cba7d80c4ab,0.37158021
303, e434e3ef-8d83-46e0-942c-3f2aa60ef316,0.997957257
304, b504698a-85f5-4cfc-97a4-5cbd23844b45,0.494416505
305, 747d2d81-b991-4558-bf91-0cc836715666,0.322765031
306, 8fb7eed8-4e38-435b-b7b7-d83a857e712f,0.01978652
307, 2e78d0d3-7d0f-4b51-bef0-6b5a12847e35,0.691711204
308, 11ef26aa-a11d-48f3-b03e-471d151f6f31,0.920876373
309, 6608a7d7-af48-493f-b3df-8140162ee451,0.772327785
310, 43acdec7-db2e-402f-af3c-a96c0ff7c041,0.224310342
311, 6490fe27-86cc-4256-bb49-615bcca74c8a,0.782058077
312, befbc81b-ec9d-4688-a076-3eb05799925b,0.070799034
313, 85413512-93d7-4766-97a9-92746510f9da,0.522875222
314, 67249e45-c936-4ac9-9374-ade5eda0ab8b,0.229600085
315, dbd1367d-a95f-4224-b184-71416b0342e2,0.493296161
316, 4eda0a5f-1a18-49da-8d37-7ea3fecaf630,0.93417127
317, b9d9e1c9-98a6-4401-8e50-050c048a7665,0.201550848
318, a97aca90-b6fd-45d7-b3c3-49abc34ebc58,0.376177115
319, da297484-2a9b-42a2-a841-37db33007f1c,0.719759909
320, cf43c79d-14fa-41ef-a816-668f49776b71,0.802232774
321, 6eecdeac-26ed-4850-9ee8-dbe5a28f5332,0.293454419
322, 6cb9d476-d93f-4bc5-87bf-352f65aa9075,0.033182441
323, 1167d162-8e38-4249-98eb-4bafe9487020,0.923367653
324, e912665b-ebc5-4af6-8be2-098cf54a0c9d,0.565920461
325, 096c35b8-e755-4eb4-a13a-2ea9c051377b,0.455977776
326, cd106f9e-f2af-45e1-8dc4-2d5197dc572f,0.70176103
327, 1c1bf3a4-7493-424c-b7e8-754c9d65252f,0.798397629
328, b0863709-1243-457d-9d1c-320ac7750af3,0.731170913
329, 8e59861f-71e7-46d9-b0df-18abf3055777,0.749653318
330, a0979132-c35f-45af-acbb-f689d64fd512,0.335106687
331, 9790738b-50c1-40ca-a03d-1dde32c11f59,0.326882961
332, a31dbbc3-9b34-40c4-aaf2-8ac1f7ef181a,0.776668042
333, 7e56af39-9666-4fa3-9bb1-ddf12817eb77,0.387046343
334, 871617e8-1730-4746-9ab3-3e236994d23f,0.558555919
335, df478612-f0d9-4662-89cb-2cfeedc1d4d0,0.707614007
336, e547d6eb-c78d-46f0-9e86-dd6636882c88,0.857362289
337, 0a3098cf-5d0a-4e7e-82be-93af1fe40fba,0.888856033
338, cb3e567b-673f-4b2a-be0f-387dcfd4161c,0.874062979
339, 04a48eaa-7d6b-489d-a1fd-9068502e01d1,0.922751759
340, c2959a7d-bded-4822-8b01-f73d05697bf7,0.173358405
341, 383f607e-057b-4d04-81a2-ebf0961cacbd,0.354289909
342, 8ff446fb-4fff-4f18-806c-6127301f0030,0.374278192
343, b2b4bf1b-6d69-47c1-a09f-3dd744985c91,0.365615091
344, 0a51d722-aa16-4f43-87dc-bf701afbe578,0.450967175
345, 93b0a512-6af3-458a-b453-f01e2859f813,0.914575852
346, fdd32b2c-4ad8-436d-9c04-9047771068ab,0.616216921
347, d4f3571d-1931-413d-80ad-626824d4a82c,0.646846908
348, 1c83b4aa-9ca4-42b6-b74d-34739a6ae64d,0.841788799
349, aafcb735-e5ca-401c-b56c-77734d454615,0.551298373
350, 373452b1-580e-413f-80c2-a7ae909e5655,0.28791558
351, 182a00e4-21c2-42c7-82d7-932b47373553,0.235689609
352, 4649a3e6-dbfb-4008-aeb9-890b7c924036,0.337325791
353, 6d1d7b97-e152-4a3a-9a1f-c2999d723880,0.180487888
354, 63942b9d-7303-4825-ab10-9dcadac4d2c7,0.900899046
355, 9f4ab5c5-aa38-4e7c-801b-c06e7c892ac1,0.424141073
356, a0feb743-7274-4e04-afd2-138ecee0df67,0.408096404
357, 9ce82452-1a74-413f-8807-1eca7279ab83,0.448212557
358, 53ecbc2f-7125-4920-95f6-a202083d33f8,0.432036796
359, 7246541a-2ba4-4875-b3ef-33810954884e,0.038438729
360, 9f74b014-6674-472f-b29b-3bddf78074e3,0.621004002
361, 07271316-164f-45d0-b0e2-7a0d0cbd9caa,0.221388891
362, e82dc077-6be9-4d48-b9ef-d84c47f15155,0.960540291
363, c0f0f2f9-b997-485d-9eeb-f9e38870d97b,0.171223055
364, ccf88201-c733-4483-952c-2f3249bde19d,0.437221098
365, 3d22af2a-edaa-4aae-966d-dead82e7376c,0.897427381
366, a7eedd7d-58b0-4798-9a62-aa9e205e1e01,0.005390035
367, f4298851-7b00-406e-aa5f-6f49c81638b8,0.683752691
368, 44511f68-a42e-4166-aeaa-46f22517c6d8,0.964319303
369, e81c9026-651f-4918-b85a-ac85ed94fc68,0.521986078
370, 4258be33-4e2d-45c3-ad9c-18c6765e94f4,0.635933871
371, 414e0877-d197-4b04-8b5c-10e74be2a6ef,0.045315236
372, 290efe11-a0be-45a0-a461-af77a3a613b0,0.327487869
373, afb8c9db-b82f-4da4-a9af-9d79eb4bfb91,0.453425356
374, 464dbda6-1850-406a-bd0f-6c27fcf733fe,0.546401505
375, b3cc31d6-e060-40fb-bf33-492420317a44,0.447942865
376, 90b42b8e-5692-4c11-8b0b-6726218cb039,0.919176227
377, e700b0b9-ba19-4f79-9ab4-7072183da1fe,0.667567351
378, 65670696-a887-49dd-ae60-5e7c34fdaf39,0.472400478
379, 5ea776f6-05c1-4311-96aa-9467e7fbf140,0.651344609
380, 4ace08ba-9fcf-4326-adb5-0f0ca264a33e,0.839760855
381, 9804e943-91e9-459a-8a7c-db1885b54dcf,0.054914121
382, c9130a37-8d6f-4625-8680-9cc860d6a08b,0.95660883
383, ff6c60b5-019e-4b0d-90db-b0970412f4f8,0.17987254
384, 23dbb0b4-131b-4dd1-a0f0-51f7b7822266,0.461737738
385, 69421942-8f9c-4d06-96bf-6e28bcf6dbff,0.099417078
386, 44fa4ef1-9d7c-41d4-aefa-71e6abf61b75,0.98955717
387, 9242e035-a258-498b-9c9e-9446b8a3984e,0.596180155
388, 5266672c-0035-4943-9b85-e0981bb7a562,0.486147298
389, 85707c22-8a6e-46c2-a1f4-ff55456a769d,0.134414846
390, 697b6000-cc65-4a23-ba3b-656fafc7df11,0.299517603
391, 45135f16-e11a-46b2-b216-85f30c1cff30,0.409149732
392, a1ef436f-61b5-488f-87e6-844b503eef9c,0.456819237
393, b59faacb-7c42-4e79-ad64-6fed44572c30,0.83562425
394, 8f77a594-a1c4-4db2-b490-ee53eb004527,0.301747757
395, 8aa2a357-5ddf-4545-8555-80884665e96a,0.951969513
396, 3d4d30e1-b34c-4a56-b992-c0b8ec032e5e,0.393749617
397, b282706d-498f-4dfd-940a-2f42fc2d3bde,0.203055137
398, 9d00ef81-47a9-433b-92a4-981c26ce0950,0.928393993
399, 6cfc9e39-e5d0-4c1f-bbcb-0575e0263a6f,0.553539794
400, fd258eff-b4f1-4fa9-9840-9fdc82e8136f,0.909185817
401, aa010f04-4ab3-47e4-9ec6-c0a32f231838,0.93246423
402, aa75422d-7f6a-49c1-8ff0-511687711108,0.682527605
403, 8ae55a44-2926-4aaf-9418-bef957be8cba,0.319802722
404, 11b0fb34-4242-453b-82cd-4e0b88315760,0.915364501
405, eabb1a22-c7f8-454f-b6ea-3f10ee47c6de,0.242600343
406, 8998fdc0-ecc6-429a-929d-f9ace34355e4,0.90820174
407, 13f6edf4-4981-4da1-945b-92160ccf6ae1,0.883900435
408, e4cd1596-adec-4ff6-863d-3b9dcdd211df,0.634086383
409, fabf7792-49c1-483c-a0be-118781535054,0.45295618
410, 0efd0fc1-af70-4390-bdf7-514f740b9c4e,0.504964846
411, 1c974b37-2dac-4c3d-9fa3-21eabfedfe1f,0.740529053
412, ae2dfcf0-54cd-4b14-b9a4-a5c910068cab,0.975812079
413, c39f273b-5f8f-4cd5-a366-d82183c82c6f,0.780692187
414, 0d35368c-5ff5-4dda-a507-d2d0365807ae,0.198677874
415, 80b941ef-9bc6-4917-884f-7cda083068d8,0.56608988
416, 9e6a2f4e-b28b-4819-96c0-c010895e92d7,0.264780062
417, 9150e805-8203-45b2-8829-98a670808515,0.780667751
418, 7d0ff446-fdfe-48df-add7-106ca387f388,0.709485317
419, 07fb0b31-89d7-41bc-a55c-44ea1d88faea,0.33780402
420, 55415e02-cc83-4ef9-9cec-9daea766042e,0.90787021
421, 2bb9d008-3fa3-49ff-88e1-000ce069ccc4,0.40920988
422, c1e967af-a419-4681-8018-53e5fd7da18c,0.197605393
423, 761db34c-768e-45f4-841e-f5148ce6e666,0.829904457
424, 166cf835-bdf7-4fc6-bbc6-6f18d4f2c640,0.222468475
425, 29e159a7-fd6e-4a4c-8dce-b3ec68600273,0.226784139
426, 8a6192cc-479b-4b64-9363-9460de36e045,0.588495999
427, a58683c4-69ff-4b31-9366-879d89ec179a,0.491863619
428, a74591ba-f4fd-435f-a3dd-2e0e9e7d04c4,0.151677599
429, 7ac50969-b94a-4284-97c7-f2843a95d47d,0.594431992
430, 961f013c-3a7e-4302-b70f-ac8b77cecc59,0.054193248
431, d8a301e3-03a1-49c1-a8e0-960abdf2c801,0.71612109
432, 498964d2-2efc-493f-aca9-bb7f3a4b6560,0.739173358
433, 4b5a6055-36b3-46b3-a615-64e546791752,0.918860684
434, c6c5c966-4ce4-4da7-aa5d-66823c1d36d0,0.742158792
435, 6784f5d5-9467-41d9-a5d5-ee28c80d395e,0.907296625
436, 24b86444-26c7-4161-901a-75df9e0ec5e7,0.372386516
437, b75d81ea-c347-4fc7-8e91-b95a72ca748b,0.636806108
438, c4d94837-bb87-454e-9600-36237c382faf,0.264508038
439, 65caec28-cc80-4511-822f-04a789418bb4,0.219137395
440, 30fe9c2f-73fc-4bba-abd6-02c4e017aaeb,0.191215338
441, b2fc3979-c0fe-44e5-b1cd-d6ac8e1545bd,0.105656735
442, 49e07c56-914b-4dac-a304-d0276cfeaef3,0.962093772
443, 05e43608-996f-47d3-b708-51aded0fe31b,0.033191117
444, 2723b07b-307d-4b40-92aa-b844a39f7dbc,0.62945
445, 1f00270c-76be-4f34-a06f-918a4bc1eefe,0.55898855
446, 00e7f288-7f3f-44a5-b64d-e55017425651,0.433337653
447, c4eda9db-c4c1-443c-8ebf-8f12c95d28a5,0.676127051
448, c0c743a1-0daf-4228-8573-5b82dbc20d55,0.636946376
449, 1f192b79-830f-4e53-b258-631ebb115295,0.735657877
450, f5bf664b-7172-4aab-9b8f-24de24ec2d02,0.687189451
451, ebde8888-abda-4212-b537-cab53c23075b,0.613081866
452, 5910a7fa-045a-4c0e-a26e-69334b6f57f4,0.49356982
453, b12ddf7a-18cc-4bd8-a83f-612b87dd41fa,0.590589972
454, 8ff5b045-a9c0-4517-b191-3ac348ff30c8,0.645669584
455, d5d38021-efac-45b6-bdef-2abb9a9165f3,0.499975938
456, a9e715d9-eee8-45d2-975e-aeb6f97da0de,0.734858837
457, 55b6073b-cbd1-4b3c-8bc7-a3ce7821b6c3,0.852623148
458, 77c4415e-6b16-48b2-b2fb-34759837d92f,0.097334247
459, 1ccd16e2-304b-4469-9880-421e71c3a8ae,0.688580362
460, 21acc563-468d-4de9-83c7-94fbfa2ebdac,0.654104344
461, 48d0f3b4-7806-458f-a0ea-70e4e330e96d,0.416338121
462, 307acebb-fd7a-47e7-b4ac-02e915f84c98,0.732222836
463, 011a87bc-819d-4ede-837f-3b318c9f13f8,0.039654391
464, b76f0c3f-7ea7-44d4-8aa7-badbf8c0024a,0.398762932
465, 9f207d94-c3dc-40c2-ab8a-d774d9f0ef5a,0.788843756
466, 38673626-8853-4dad-a2ef-151ccd536b2b,0.001355695
467, 6b5f45c7-2c91-4788-b446-0a7ef3e54bb0,0.056951396
468, 43390638-f4dd-4143-83b4-a3adde09bb0b,0.038533395
469, 49701184-1dbb-47d3-ac43-9a85384dda25,0.291381248
470, cc96efbe-4c98-48f9-aa34-31b79aa6ef89,0.193703365
471, b664d7a9-23a4-4fc4-abe5-f466446d82cc,0.627973954
472, 696b72be-0e47-42b3-b91e-97b071712f1e,0.516159713
473, 940d3e18-4da0-410b-9108-ce4d972fbd9b,0.490347922
474, ff67496d-d30f-4e13-8cc8-4b84b8e8e4ce,0.146588682
475, 55eed1ba-2613-497c-8211-74fce71485a1,0.802213475
476, 48f803b2-4da5-49f5-8bb9-2bb513bb5a38,0.447116108
477, 6d822e3a-fc85-4c75-a001-46aefba5a803,0.164414276
478, 165631bf-56ae-437a-850f-f66e00a1aa9a,0.200454458
479, c13e7428-3c20-49bb-9643-7bb60d2257ec,0.663479925
480, 9d4a9966-568b-4824-be6b-a02f0adc8750,0.793446486
481, 5863c323-175b-4e8f-b5ed-c977b59e4779,0.912368948
482, b497c864-235c-4a7a-b428-1bf115b1f638,0.854917243
483, 8e68944b-a857-437e-989d-d854929c5d1d,0.416019722
484, a4a326bc-99ef-435b-8230-3749d7586baf,0.90724254
485, f683ea8b-bbd3-4240-9446-d6828c588412,0.441111382
486, 89c761d3-6189-4860-88e1-0f7b4cfea641,0.22255127
487, 3ac8e1d6-9797-4844-9695-518b4a4b6f51,0.148583386
488, 2563a0f0-acac-480f-9709-1ce73fb0cfca,0.2731911
489, dd1c21dc-8b0c-4ed9-a35f-73ad30d15287,0.242182854
490, 3584cd32-af2e-4300-b466-9291a06a38b5,0.172437789
491, 7ea93480-abd8-48a0-9041-6c3072efd697,0.519763368
492, 4510fb44-198d-48ed-88df-8a6f4f0bdc00,0.539471861
493, 8da634e8-891b-4796-a901-279ee7834a51,0.575927676
494, a8526595-8955-462d-89d6-de74d017e734,0.565033051
495, df4a3a3c-6284-47cd-9ae3-5f793b61c584,0.774877217
496, b6c146e0-8bc7-453b-843b-f36f2dd0ce3f,0.373433899
497, 18b8ec57-344b-4e31-ad06-bc0d21d97fd0,0.922439381
498, 67ec5d38-517a-4720-8663-63ccd2542687,0.634428185
499, 73fad517-561b-40ff-9772-bf98c4b0207b,0.840606244
500, 90724547-8756-4000-ae86-8cd7549dc802,0.557632855
501, 60a81179-9192-4677-94eb-a3f89bff6d06,0.376386257
502, b06b243b-966f-4511-b0b5-b5c6062db1da,0.637593656
503, 77bfda10-39c6-4307-b9de-387a73030cdc,0.345565128
504, d68edaef-f90a-42b8-9b04-6d19d440b05d,0.541954512
505, d50541dc-43e2-4dc2-900b-d618f7457f67,0.059215497
506, 53ec9286-7177-41ca-8014-022b03f5cbfd,0.096922153
507, 097b2a8b-f3ab-4618-898c-c14c118c7752,0.003221898
508, fb73eae0-4a9c-4adf-85ae-0c326e875f63,0.44400129
509, de7f1625-049c-43d6-afaa-7bc0ecde2aa7,0.843456109
510, 52b96366-31d8-4f56-96e8-be7f27e45b09,0.05285983
511, b9abbfb8-1405-45d6-a928-10c127d10f23,0.570444561
512, 6ebe296e-229a-44f0-85ed-72cb2481c90d,0.65216869
513, 694ca6f7-e3b2-4ecc-80d0-8001bf16eea2,0.433854323
514, 23299986-b9bc-44ea-b2d4-cbcd70e50f03,0.895133876
515, 08db3b28-056b-49a5-a410-6895d3fc6cf1,0.741735396
516, 4cae63d0-e732-4341-bc94-27377496cb99,0.561420878
517, 61809931-db82-4f1a-b01c-1a93f719ab49,0.316203114
518, c1663d05-7ce5-4023-83f2-2f96bb72eda9,0.132411851
519, bd9f54ea-1ed4-45ae-9719-3dac1b563d1a,0.95765155
520, 5d4cf2f7-85f3-414f-9e2c-3ba2d818fa6c,0.566292485
521, d0e3beb4-b143-41f1-aa69-22d8a3818966,0.852772309
522, e3a74827-25aa-4682-b6d7-12ac689d54d2,0.783760296
523, 8eaeacc4-dd80-4666-8b67-6a85166ad464,0.79635054
524, 55526da9-ebea-46b7-a4cf-9d1ed8aad518,0.11894346
525, 2ec2348c-7f0f-419e-b856-cc9ccbaa1f4c,0.673939997
526, a1d1b9e4-1c50-446d-b387-e1dd939386ce,0.088502093
527, 69b2fe8d-d892-47b7-8a3f-c43dc711b438,0.940232037
528, 31fa951f-74b3-4b74-be8e-678be7c3cb19,0.925314872
529, acf50c70-877b-47a6-89ba-4a0eeede55fe,0.371711465
530, 2af51c6d-8e8b-47df-b298-c133631e4bbc,0.428779576
531, 13a412f2-aaa1-4e84-bd66-bd73a3a79a0e,0.524676727
532, 83520de6-3a13-48d1-b0a7-d31d16ee273c,0.52998609
533, 321f84e2-4d53-4cb1-98c8-0310b790feeb,0.359848214
534, ed856e8f-97e4-4c4d-aefd-50107ef4e108,0.10584707
535, ecbe87ed-00b9-4ed0-9c26-0c5ab81423e5,0.417060229
536, 23102d21-2e4a-4b9b-bbe5-ed347a651885,0.274775292
537, 177c18dc-c450-4049-b767-8aef1efe41aa,0.509352115
538, ee2a5db1-0bea-4169-9e87-b08c1bd278a3,0.87406521
539, 4ffdaba9-3f61-442b-8b0e-901931f97680,0.848027043
540, 3618aa42-7015-4bb9-a5ca-44543a2b5ce7,0.34418923
541, a6b4e91b-51da-422a-b161-7ae5d7a20a0f,0.219329373
542, 804e0f0c-73cf-42e9-962e-26c7ec4a353a,0.704582095
543, d7fe4759-e01a-4978-8d17-b2d178af12b8,0.429734991
544, e25d9650-7f96-4eb9-bcf3-6bf34bce79c6,0.189323024
545, 53876364-4e35-476d-95db-7cafa981caff,0.601993227
546, 158995e7-6e06-4e9e-9f70-793b5505f5eb,0.867594678
547, d06be1df-efcb-48b2-b179-ce10e6fb3f21,0.105617538
548, 0efa9427-89e8-4198-a8d3-abd538a37e57,0.6807938
549, 41422f16-5cdb-4f96-84a3-e5a928a331ad,0.823297654
550, d436ae3b-9f8f-46a9-bad8-00216f4d4393,0.213456339
551, b7ed9218-6205-4343-abc9-da8deb92f01d,0.057230785
552, 713d5750-ccc9-49f8-9ca8-5f6b90431d2a,0.790027529
553, c88f6ed9-6b6c-4b57-84f6-656a2411657e,0.676776635
554, df22f82e-136b-4512-98bd-c5aa92d627a5,0.274313759
555, 0d2427ea-bc6a-47f7-bd46-4f59bd9f87bd,0.704860546
556, 59d76746-ddd0-4995-be2d-8ff44e04b274,0.592625961
557, 3e1bfa37-e697-4db9-a613-a024a9ecb3aa,0.841243116
558, 97e21812-617c-4db4-9040-f16f09a11dff,0.226621668
559, be3efa6a-6bcb-4cc2-9eb4-e968f259823d,0.868014515
560, 1b6d89d0-dee7-411d-a3b1-1a1e39a96bea,0.970713404
561, 2ee6eda5-03ea-437f-813e-ecadab41a445,0.156690116
562, eb68b84c-a3b1-4da0-a8d4-c2c9c5c5ba8e,0.077907026
563, 921ca1ca-109c-41cf-8990-ebe1b14cbcf8,0.072289825
564, 8a06bae5-a458-491a-91e9-896bb6f242f3,0.414676533
565, 91c2631f-18cb-418d-be81-b52d5f223a8e,0.528183102
566, 6c4390be-3dff-40b3-b3dd-81167949d064,0.040458471
567, d87b6048-7ac4-4b1a-b8e5-189b5a0a54e8,0.292320477
568, bc13b5b7-83a1-44b4-9179-b06a1c1b70e4,0.328007253
569, 5a78a85d-716f-49a6-8537-6bd9b51e4b9e,0.478073647
570, 4a4faa23-37a8-4a46-bb51-04566d573205,0.466960104
571, f712ca25-cf4f-41c3-b756-f28750ff3b9a,0.052068763
572, 7c3e0780-8741-4adf-9a2a-e232f8c18e59,0.442137904
573, e16fd020-8283-4834-86c0-388dff791bc4,0.284384808
574, df1f0088-e506-4e7e-9fc5-d9b862b543ce,0.61346232
575, bad8860b-0321-476b-9767-b02952ea7d62,0.346963112
576, b2ddbfee-cfcf-4cc7-a31d-30e24bd15420,0.148190214
577, bc24ee69-2670-4dc3-8e1b-64116e478a26,0.354025305
578, f0d63921-930e-4049-baac-8a66a4cc3402,0.607027516
579, 5a6cf739-5902-4c4e-a878-128555bb507c,0.516950233
580, 677d465c-16f2-4e28-8043-6a6aad8ac079,0.806345319
581, 77afba52-9727-45bb-99c2-dadebec72e2e,0.982884555
582, 90411681-6a4b-45f4-a6df-c87849c9806d,0.259438237
583, 6e9bc16e-bebf-4bf6-9642-d4764ac6acbf,0.102017217
584, b7a1fce3-9913-4e58-a6c0-3db6679dcf81,0.158255126
585, 7dae4629-6025-4062-8cb1-c6977685bacd,0.371548792
586, ccb6f290-e30f-4854-9458-1d5c06ffb15b,0.734649198
587, a1ef67f3-d4ac-4f54-bed0-87f98fa8d08e,0.853209455
588, a6641905-de92-4fc7-83f1-a3fe03b561f7,0.085534454
589, ff0c7769-cfaa-4a22-acad-296bb9b38f4a,0.400986524
590, 5def2259-e638-4917-8e16-7d277e992779,0.824434268
591, fad5a679-b699-4d52-8656-7fbb1222c5e4,0.433532176
592, 352eeb87-30f7-4653-967a-cfb954a06589,0.282730447
593, 8da0eb56-b02f-441f-add8-d8ca61ecf7d7,0.006050695
594, 02f629f8-e95e-4989-b594-11ce463a6f57,0.877313639
595, 2c20c22f-1ab7-4752-928a-6bdb1d6e1188,0.187499114
596, 19c8fbcf-7566-4dc9-92e7-bb4230a18276,0.141422346
597, 4377335d-b8b1-4239-a3bb-06a91e762c04,0.63229227
598, f01f6c9c-f4a8-46cc-93f7-a1a059f4321d,0.015058458
599, 016bad7b-0157-463d-a72e-099e736de067,0.661139922
600, 3fa82102-07af-4b07-8598-e57563b8f88e,0.561534756
601, 5b5178a0-714e-48c6-ab3c-604f93744399,0.575274201
602, b32cc8dd-5167-4895-9587-a7abb837c8f7,0.777610285
603, 0d286ed1-cf84-4821-8102-a10d38f9456c,0.202720153
604, f3be8728-0193-4c6a-8983-e8779321aec3,0.35633755
605, 887c2eac-ca14-4e97-960e-d36be4df3c31,0.161387577
606, 4ba5436e-0b5b-40ac-9bb5-b8beeb9ab25e,0.61509288
607, 16a97f8f-347f-4291-820b-6461a5bd0aec,0.505642721
608, a03f64bf-d442-48f8-abc4-4b86f35709b6,0.063314315
609, fb0e67c2-5f9f-4ce7-9506-aba24e56f046,0.927350647
610, d891caf8-053f-4d18-b8c6-d2d69021c79b,0.556670332
611, 70cb9683-adc1-4c9a-9892-0ee19fae17b8,0.238600656
612, 41876af3-1c33-49ef-98be-87daa566a7a5,0.2342156
613, dc5c1c86-dd21-4c3f-bf82-c328175936db,0.709671435
614, 7b74c382-c7fb-49eb-be36-a41d3348e94b,0.061669196
615, ea2aa13f-f555-4a82-807e-fc1822ad5f1e,0.987828849
616, 79d6e261-fd91-4fe7-afa3-2c76d36381b0,0.897251878
617, 6418cf48-4467-4a16-89c8-86fd741ab121,0.975889809
618, acceef24-1dad-441d-bb4e-c51e66b4e6cb,0.914034699
619, a4825b0f-5985-4db4-bc9b-09925208cafd,0.043127741
620, 965a2744-4689-40cb-bcd7-a814e5fa6d43,0.793533904
621, cec9b24c-56cb-4337-8047-f6de3bfbc550,0.187249016
622, db5de806-5f0c-40de-983a-faf90c5c8144,0.206786022
623, c57b5f9e-c562-4b66-817a-d32adfc3f669,0.927020729
624, a60f0534-d3af-4a2a-ac3b-d87726717763,0.653639379
625, d8956201-5757-40d8-9e17-c6dc65d47f32,0.033427928
626, 77eb4601-214c-4bc3-aa0b-6b21db855db7,0.769338315
627, d2135f33-c157-482c-b4d6-27960277d28c,0.436087209
628, 171bb815-d4a7-4951-9dc7-bdc0a1cdbc56,0.407071169
629, fc1321ed-8eec-49bd-8d49-8e30db3e86f9,0.425963206
630, d3eca6c9-1799-4866-a1ed-cbff59448e29,0.205540766
631, 21b7ebb4-651d-4d92-8386-2b81f51af234,0.515897943
632, e85f28a6-5582-4cf0-93ff-b096d9fac64f,0.338966848
633, 8b51a444-88c4-459b-a679-322e43c62853,0.945887594
634, cf704152-9cec-43f7-89da-45aa24dd4edd,0.955415477
635, 459bdcaf-aa84-44f4-927c-b63eb52664ee,0.231071117
636, 4440f44c-8419-4acf-a42a-b187ba1c5ed0,0.20527427
637, 021d8a6b-ee4f-4443-ad10-b321d956e1ea,0.056718085
638, 78707253-df56-490b-8dbc-7c8c456e05da,0.745679668
639, ccdf3bdd-d4a5-4e38-82d8-05e19818a36a,0.996867549
640, 3651b6a8-1723-4c43-acfa-76f60fa61dde,0.756455911
641, f1773299-ddc8-465c-9f90-a1977fff2361,0.229006477
642, db401851-7256-474b-a3fb-500146df01c9,0.78989514
643, 5af364f5-d8ee-4274-ba12-216628255060,0.158183808
644, 76ac5b95-9e0a-4b5a-93c1-953e3b56249b,0.844316192
645, 585c80ef-7bc0-4dfa-9803-7000716ff48d,0.585833613
646, 748aa2d0-f5f5-4312-9726-a67161059ee6,0.199316577
647, b71d6730-59e1-4fc4-ad23-5aac4fc7e2e3,0.573059012
648, 6fe67e7d-ffc7-4dea-b8f6-0ba7cc868efc,0.944381498
649, eeacb2f1-5b3c-4e17-8c13-49629ef4acc3,0.88948479
650, 07c6efb2-14e6-4680-b509-397c9d74d279,0.290247236
651, 86701b7c-4709-4e49-9ad8-ec116177034e,0.165532537
652, 4dc2f8d9-a70b-48cc-aff5-86849f1627d0,0.718257571
653, 409342de-19d1-466f-9235-c332b40f6d9c,0.971930717
654, fd96a5c0-3c1e-4c65-84be-11d37b39484b,0.867606018
655, 7c80581d-8088-4466-a26a-37e772776b3e,0.37428574
656, 7cc29a3c-c4ae-46c8-934e-23b9a0f2f10a,0.368488179
657, f62c4b2b-013a-4777-bb94-e52cdcf9bf66,0.850589556
658, 1f2bed5c-9b85-42ad-88d5-5cfa4493f61d,0.549080774
659, 930144fb-ae9f-4cbc-ba82-7a5f3fc1790b,0.322909622
660, 4e475be5-058a-427b-8000-1d003f943e57,0.392049262
661, 63cd799d-9877-454b-a996-6f88a71435d9,0.179005671
662, feb2226c-171f-4e01-b225-22262f84129c,0.098571552
663, 200bb9f7-711a-4c11-830e-639984bf5ade,0.637351109
664, 3aed5735-db21-4171-9bed-525936677589,0.721809881
665, 794885a8-4be3-43d4-a264-4059884de431,0.040772388
666, 73461628-d029-4cb3-8f44-0774d9a18bda,0.899633808
667, d46eba1c-a3e4-42a5-94db-c60f4977775f,0.288328006
668, 01aaa384-9acb-49ce-8a1c-eed7cafb64fe,0.754255959
669, f93af3cd-4621-4f6e-8683-5e7deed04668,0.830598079
670, fd659415-0ae8-4367-8a8e-55a6c5f5fbbb,0.782554579
671, 1a5dd69c-8c06-484a-82b7-73132342a37c,0.840533794
672, 63e66735-cfc6-487e-a3ca-3a9ee8e70e8d,0.230210141
673, ba33f896-ca1a-4aed-8e5c-72deb8b8b5f3,0.91716715
674, 86d9a89e-a5bf-4c25-8358-a5f3f9f5fa41,0.28667183
675, 638105af-7700-428c-8f34-d798f5f21bad,0.564527428
676, 43f0c58b-5981-4c73-bbf7-b254d063714e,0.397353876
677, 50961208-d61b-4a14-8171-6fb22da90eb1,0.048602215
678, fa9a7c9b-e30f-4ca0-91b0-1605a9ed5379,0.082704537
679, a75635ee-46fd-44ce-b0c9-8d5389b3b71a,0.067805766
680, 2e2bdcca-4d78-4a6d-b5be-543ea3c5f2b1,0.834111351
681, 2bd9f1d1-6873-46d7-9d3d-00cf92e993b3,0.196279303
682, 246f93da-d2b0-4445-b8be-d58f73ae4e7d,0.491705711
683, fdbf4f10-a907-49cc-8ba9-28b16f428f39,0.517586379
684, 5137fe24-48bc-4956-8df4-95f956e12a5d,0.135715971
685, 24f0c193-b22d-417d-bdd8-e969a6fadaf4,0.040008229
686, cc6111f9-dc64-41e8-a804-5ca065d746b8,0.797640372
687, 1a70cd88-e382-4cbb-ad85-e4eed4f7db8e,0.367036131
688, d815de2c-9f00-4352-a2ec-5962371cdb5d,0.078281576
689, b591c75f-e41c-4381-9178-a93ba33584b6,0.581129737
690, 454b6c6f-c12f-4194-b81e-5d16be2b1c86,0.862582938
691, 76f52ee2-0a60-419d-b536-0df2ccd7a3c4,0.354684714
692, 333e22fb-1fe4-44a2-bd4d-b4acbe539c05,0.507637311
693, 1f419663-c151-4201-8245-370e71b203ab,0.422770046
694, 6352b3a7-c164-461e-95ff-cc90de6fb39a,0.604818288
695, def2e773-7b37-4f4f-a02a-b879753a77ca,0.57745024
696, 8551bf86-0314-4dd5-a3fc-2ffef6960bb1,0.130434925
697, 96075134-159a-4157-baf3-72c0216d90be,0.152544031
698, 97a2238e-8a7b-493b-aeed-e7227bbae0f6,0.436373927
699, 79a13d1e-55ac-4d1c-baea-fcb62c0b1bf9,0.803543804
700, 36bd40f8-ac47-474e-800b-47a18cba8ecb,0.686199805
701, 20b3f890-8a54-4555-9d46-97b5e80056e9,0.910988571
702, d76b53bc-6707-403e-8d6f-d7c46ce0097a,0.818803053
703, 4f852810-31aa-46ef-b81a-c8fb3170ae1b,0.113783419
704, 7e5e15b6-7a14-4523-8022-d24e2c76f4ec,0.106930211
705, 09ac2cb6-2953-4f86-8620-41adcffb0adc,0.449713442
706, ce94ccf4-5366-432d-ba73-ad238a82f358,0.935322396
707, fa44f4a8-3529-4cca-8d05-a6f76bcbc5d9,0.801090422
708, 653d550e-e15c-4d33-bbee-b7282dfb0ca9,0.685258887
709, da96342d-af32-4bc2-811b-f79000c7403b,0.30307859
710, 308cd8a3-8988-423e-9882-ff9e9543e7bc,0.976931864
711, 263561f5-c02f-4e05-92a4-0e38c1420a92,0.319885965
712, c2ef22e7-3bfb-46a2-9cb9-bcd7f001c67a,0.767885019
713, 7852b28f-b841-496f-83dd-2baea538562d,0.481275008
714, 94c741f0-18c2-42f4-9bce-58d8a59b4d23,0.48879827
715, 34baa794-2945-4015-9af9-3676cb6e5177,0.195769958
716, aa826e07-3bbe-4909-aa02-5cca9258f974,0.68729996
717, f9faa602-a9e5-4176-82c5-928b8f257013,0.580985173
718, 9cb58c74-5b0c-4cf0-9c3b-6dc9bcfe89b4,0.501635138
719, f75c2f85-922c-4636-b124-4064019943e8,0.681801652
720, 56e2441c-39ac-43c7-a145-6ece4b814d0c,0.243132016
721, ae27cd0a-d565-4bcf-b790-a6589097fb94,0.532597677
722, 085d6483-0d79-4f2a-9ec7-38de7621174c,0.210046429
723, 2f5ed78b-8009-45d7-8401-4f3f7f611ed6,0.173126222
724, 632ec8e5-73e8-4225-9c27-bdaac8eddade,0.968015141
725, 8058ac91-cfce-4f15-842b-9d4cfa52b312,0.427869865
726, e137564e-a538-451c-af2a-fb7ae6cba45e,0.332896483
727, 95b78376-3582-45b5-af3d-ab5b73575334,0.807440095
728, 4cbac1a1-6780-4448-b4cc-0439d2eda0c6,0.312348862
729, aa425203-9ea2-409b-9616-7d9b07e3e592,0.70922159
730, de9b1265-f256-4314-a516-5b13cb9ded37,0.434092503
731, adb3a239-a0f7-493d-b0a7-72eed2f13702,0.244809845
732, 5daba61f-b4cc-4816-8185-39d581454816,0.612228288
733, 42ee98c2-05c6-4808-8afb-76eb2355347c,0.279160733
734, d06a8c8c-5ae5-4046-9c20-450f2968be69,0.381605962
735, 79609682-5eb1-4294-8e09-b93e20b25d50,0.92312278
736, 75949fff-90c4-4274-bd60-2229059bb998,0.37747625
737, 42aec968-54ce-4c13-b845-5b3d339f0b7d,0.377922292
738, 93b33a45-74e6-48da-89c2-0a0887abc656,0.410656168
739, f109af36-253f-4866-81ed-17466212d543,0.686002529
740, 69900630-3cd9-414a-856f-2e9f0c5dbbbf,0.104685833
741, 1da636da-69c4-40e2-9a0e-9e5c7d2dfa20,0.99654995
742, 399dd1af-d828-4760-80ff-c55b12a2cde0,0.681777244
743, 57d9b4f7-eeff-492f-85bc-abaafdbba5f6,0.775202986
744, bb84fc43-dd68-4205-a08d-2d37b948f77f,0.604197873
745, 2817ea50-4fac-4ec2-8949-9e1392065172,0.542696974
746, ee563b47-bc6d-4d4d-83ad-3a9c0ba57d0f,0.586799694
747, 2c3cabe6-6e80-4bd3-8154-d82f52de7572,0.026362303
748, e6e5d662-db20-4e76-be67-832143416471,0.933971776
749, d0de17f8-8187-4a9e-b270-b6c62801e71a,0.409048329
750, c8705816-639c-4335-bcda-390644ab0c3a,0.890150281
751, c70030cd-8c73-43d0-b0f3-f0db23e10860,0.549449752
752, 9d972080-2a3f-44f5-b90e-7e3ddcb6072d,0.650908894
753, 6bb04b9a-53aa-46c5-875d-f5ef2b535976,0.754572275
754, f798a851-15a7-47bf-8262-3bca190df866,0.560411788
755, e6ce5215-e03b-4c81-82a3-9fb98578962a,0.153602128
756, 5e51bb31-d9c0-40c5-8b31-c2cc1f3a0513,0.700942142
757, 1bf5d7a2-0c8b-4879-ad01-7a7946c956c0,0.645676831
758, dee0a4e7-9d47-43e5-8efa-5504a3138287,0.145768278
759, fa85d639-b52b-45d8-aa75-9f42d463cb10,0.679060346
760, e99c6b05-36fd-4e9c-a392-e23254b2d6e6,0.116816958
761, 34415fb2-058e-465b-a5d0-18cd31184866,0.1278823
762, e020efba-56ed-46d9-b9a8-fec435a8f8ca,0.488741559
763, 0f502ac6-bfe5-4bf6-acc3-1b5b1558a5f9,0.976037297
764, a4b118c1-91e9-41de-b0ce-3ebe9cfa081c,0.868986087
765, 23487186-90c0-4318-9631-f1c0feaf02fe,0.732122019
766, 46d4b6b1-1bd3-48cc-b1d5-fc171dc7e0a0,0.707657677
767, f56da60b-333f-41b9-b3fb-c2ff95211971,0.488724287
768, fac6126f-aa7a-4080-84f0-c668fd94c2fe,0.099669046
769, 71e153bc-4ff0-4a80-b438-6d3fc4f22e67,0.56567549
770, bf8b2d01-68d3-48c0-a518-367a76ca905b,0.818293708
771, 84a2fa7e-b3b6-4575-9885-64f32b20c3ff,0.309377668
772, 9b3d9411-aac2-45d6-9420-8d2b43ef7348,0.170329005
773, 1121e10b-8ccd-4a5a-9a62-2b7fa30bbcb2,0.815632609
774, f34ef290-2e08-4118-bc95-fa832be91fc0,0.577115819
775, 4a9cbc07-1eb0-4341-a399-b9e5bfece328,0.246582066
776, 8a7d8690-bbdd-4f6b-a830-92f1b6f18163,0.850820433
777, de0b04a4-b2a4-4539-b47c-2046ba5de32b,0.434843443
778, 696d4911-5ad2-4683-8ed8-3206e697abf3,0.56892835
779, 95a775f7-1778-446e-846b-01dea00672c9,0.425318167
780, b4820fe9-ede0-4d66-84d9-f7b58a332231,0.84107017
781, 706c4874-cd15-4988-9dbf-468e85b8d562,0.306534181
782, f824394f-fd69-4e40-b94c-d149b8939c2b,0.87346832
783, 7f008511-4902-478e-b4d8-f1ca211d6560,0.903300533
784, 58185e3a-b353-49c2-9be7-02c8a87d43c4,0.819071309
785, 0cb8c24d-56b7-4680-a738-b68b465d82f3,0.884642751
786, ff1cd01f-6da4-4d99-90cb-0e47f360e8e1,0.593900951
787, e2e82f26-9889-4747-b026-b3aeb12f8c86,0.857656013
788, f1254569-b349-4410-859c-2e9d8065363f,0.718748945
789, 0c5995a5-e886-4e82-9071-f931f8668eb7,0.228003834
790, 51acdd58-1aa5-4a2d-a2a4-62bf8a4429e7,0.222180639
791, 827902d1-7373-4c3e-af04-fde1ec11e265,0.731799419
792, f18e198b-1030-4cc7-a575-6542f60002ea,0.232154014
793, e491bc74-16a4-4eb9-8d7a-41a8dd8cbba5,0.731595822
794, 772d0827-47aa-44c2-be17-f342818852c8,0.569185571
795, 5b7d5e9d-cc8f-4a9c-907b-275407e06f2b,0.976803532
796, 07c07f2f-7e90-4bd6-8d57-1bbb8491fe1f,0.507808391
797, 94fe7599-4b62-4ac5-b25d-660636593c60,0.705739947
798, 50e88776-2d81-401c-a582-a365cb4e21ec,0.906216899
799, 169c179a-86c5-461d-85d8-0c5e62b0a931,0.872075853
800, 1f68cddc-045f-40fc-abb8-f280470aeb1f,0.835039297
801, 41893a14-da9a-4bc9-8164-e73fdb5fe841,0.098075408
802, 9b2f37f9-62f9-4fa0-a557-4c12347b87c9,0.926693256
803, 87304453-7e10-4078-bde1-8603ec5724d5,0.368296286
804, 7437ce5d-c278-4509-86e8-9cbe879dacd5,0.590754621
805, cde4229f-2938-4922-8f57-636dffae1f19,0.580772613
806, 179afc2e-cb9f-4db8-a47c-24939b26ec12,0.379120747
807, 7e827cdb-c06e-443d-8e98-c2530d301a1c,0.835276285
808, 1a34b234-5afc-449c-b3a4-313183fb74ed,0.177456456
809, 6eb06103-a6fa-4e16-8e59-b0fd593a02b7,0.313829722
810, e3c32845-1a84-46ea-b7d2-aa112f0e2753,0.302781695
811, 9cd2c4b7-de38-4e3d-afe7-ccdd89cbea56,0.266098699
812, 86c1792e-41d3-466e-a30c-16e9d87f0a69,0.076748482
813, 3da7cf5b-6149-4f28-a7fe-43445a714e91,0.720450111
814, 563101fa-00a0-4c10-8b15-e3d1a6c25aa8,0.837990176
815, 827341e3-1832-48a7-a2b1-b9012bc2921f,0.810282778
816, 8c7bf172-60d4-40ce-87db-66f06835032b,0.254413981
817, 1e5be2ec-6079-4dce-ad1b-d0f437c1595d,0.585441026
818, 12b2c8c8-fe04-4c90-8ebb-522dede21650,0.156965988
819, 8aeb78d2-3c3c-40f7-b208-a4dd0d8ecc81,0.984343336
820, 6fa0ff6d-aac9-40b3-9fbf-9abdffa347c0,0.138221068
821, a0200836-60f4-4ee7-9988-4ce17876b6f2,0.850001664
822, b28f1967-66c9-45eb-807e-5139b048dbe2,0.769975342
823, 50e75a2a-b258-4e29-a46b-b7fc924d980e,0.871665212
824, 0e02ba27-5f0b-4f92-98a5-3ca2dbc34495,0.343494851
825, 877fc4c8-e1f3-4583-9323-1297eb38ed9e,0.086494289
826, 94e178df-3149-4f82-9956-0d1a6b5f3fdf,0.077223654
827, 9fa4640b-da6c-475a-b282-481f67fbbffb,0.438733184
828, dc3ba2a3-0702-4881-92f6-75a0f1871d75,0.246447038
829, d29f0b0f-964f-4fb6-9431-3fcd6d7bc33f,0.600312287
830, e13448e1-e384-403d-9afb-404ce2af7d07,0.738773675
831, e271c5e0-6741-4240-b3a5-a835de81c633,0.145080485
832, 08247445-7275-4a0e-a66d-d6a2580ecbec,0.528626544
833, 56db7413-8c6f-4b89-badb-53d229aded8d,0.696852496
834, 39cb4c0b-940d-4e9c-a812-78335ec77a57,0.590278871
835, 94e4b8a6-5d0f-4ba6-b303-3543c82be58c,0.742994763
836, 7193ad56-0a2a-439c-a7cd-ad3bc1035eb1,0.379840924
837, 68648771-6d50-4119-b565-33fb8bf1a983,0.505172034
838, 7cc1d9d7-3fba-4021-ae83-176eaa164f4f,0.312545912
839, 7131e834-8eb5-40fb-82a1-af63b59b04b6,0.238298696
840, b1f80c93-0286-49ee-9b99-9458ab09c1d0,0.505522004
841, d1b6864e-3931-46e9-83ca-79fabe9e49f8,0.758624666
842, 2dc0c442-763e-4d00-b118-ec6da6504d80,0.680199557
843, 14a92e3a-37d0-42d6-8c60-c9015efe4dd6,0.404919223
844, c6101bd2-4626-4df0-9756-ea332fc18122,0.925222139
845, 8d6a9a0d-13c1-4f3f-b39f-d0f21c784bcb,0.95608194
846, 42b4492e-864f-4dbd-8f93-e6d7908b39ed,0.655050937
847, cf8b1af4-b53a-41a1-ab1c-bcad771bc589,0.511703903
848, 873fefd7-d48b-488b-84c4-f6613c4eb1ee,0.893605646
849, 8193b2fe-a9f8-4f0b-bac6-3f3321b68c4f,0.758902793
850, f743a664-949f-45a5-a749-ca669d164306,0.722389552
851, 82565e22-de19-488e-8e54-eefa71398089,0.922367365
852, d1f2dd2c-25f2-4142-89f5-daef2491d9d1,0.54877396
853, 90a15e42-6b60-403b-8fa0-228bf5e02eab,0.921873562
854, 284a9601-db2a-4473-93d4-93c1d5fc1182,0.733854785
855, 71dccb1a-d9fa-4e2b-9ccf-3deeacfc76b0,0.985037632
856, c7dfc17a-d9fb-4033-b6de-67587cd2f62c,0.328100065
857, d0216e43-25ba-462c-99ef-b6a8734f24b4,0.055028044
858, e2fff89f-e77a-4d4c-8353-9e2e07bd8bc7,0.024801434
859, 6ac6aa16-015f-4d66-ba13-a6b587cc89a3,0.504260332
860, 580cd581-f220-4d33-9778-a07435dae2f1,0.503548959
861, ddd1f7c6-dd86-4d5a-8c64-f34342ae0429,0.940387563
862, e5406658-8139-4ab6-9b41-2d997d202f81,0.588829247
863, 9d9fb9bb-09e5-4c8d-8638-137b11071869,0.577144169
864, 25ae2bd8-6a42-41f8-8dd4-7798fdf2c585,0.575056047
865, 98ca0249-1d5b-47e3-864c-3bce88c52932,0.157701209
866, ede2952d-2ea4-437a-96d0-59bef627df52,0.737472155
867, 6ae67f55-69d3-464b-8ebf-e73af578a9cc,0.379895985
868, a000ddc1-eb30-4ba2-ba48-0e82461f4fc2,0.13017124
869, 9caed0cf-f379-4f0a-9458-f0c29d64d902,0.094995413
870, c85eebb9-0409-48df-b9c2-16313f0abf33,0.430441854
871, a1f54781-a09f-4c6e-b90b-ddc32839bd74,0.749241947
872, 948d2b12-cbb2-4131-b4a2-328883f43317,0.272895114
873, 3a538bc6-2c1a-4289-9c64-c1620d3159a3,0.918667292
874, aaa8ac5b-3e69-4fe2-be48-f4d0deda90fc,0.478821332
875, 509f7bf7-6063-46e5-ba69-5eeb2b13fade,0.379596403
876, 445cdd77-320e-485b-b5a8-33685c8b66b1,0.169802107
877, b6bcc0ad-32ad-4f34-99ca-c35560ae9e32,0.36505612
878, c0b90868-d96c-42cb-a3c3-6a27e8536e62,0.946443073
879, c5135dcc-3a3f-478d-ad85-f5f0c178b923,0.387412911
880, e1405863-d947-4363-b65a-24c540bcfb5a,0.431443352
881, a23a5a0a-5ce6-48b3-84e4-e17530bc30d0,0.565519751
882, 43fd4bc2-7a8c-4acf-9fd2-e46976bbc874,0.545127538
883, 9747b8e9-9f48-48ba-9553-85844dde37b7,0.487544245
884, ede1efb4-822d-4172-a102-2c6486090159,0.877922735
885, 97e91003-aaa2-4136-b2c0-8e664aecbc05,0.81640631
886, ee87633f-1a65-479c-b739-8c1300365999,0.596306526
887, 4afbf15b-ab70-4d12-a0e6-ff9d5a1350a7,0.606752982
888, ec942ae8-754f-4080-9fe5-d28b916ca425,0.962997711
889, 7a0f6f68-1d4c-4623-b30a-690b40a33e02,0.605241238
890, e558c98d-9b8a-4230-ac66-078378dadcba,0.414894697
891, 804799cc-09c9-4f50-83e7-183583e9c06b,0.32481288
892, df2530c4-9815-4bfc-8744-e1f270a75bf0,0.4803706
893, 05c844b7-d0b4-41d7-9e57-b4d69c3c9ca3,0.80828558
894, cda239a0-1e4f-49c1-8291-c9920b288897,0.734749737
895, b84e33b3-ff4e-4322-8e26-7abef4c7b998,0.565134441
896, 3041229e-3560-4500-ba05-1da7287a6a99,0.169795419
897, 22d6dcbf-5fee-4ba4-8af7-9ea1e1f385f1,0.103055388
898, 27b51bc4-1977-4d89-a090-9eafeee2a57a,0.829863175
899, b79b422c-371b-4b82-8e69-e1d949aa9ff4,0.76752093
900, 01cca601-f8fd-44c2-af33-4c2ffff45704,0.218609785
901, e4b3c03e-9e12-48c8-848a-a4e410f7bc2b,0.275154952
902, c0478764-28ad-4148-819c-db05fab13dca,0.381532662
903, d1bd4d5e-7fe9-4d3f-8758-4e571217f225,0.798610233
904, ac6529a4-64da-4f1d-a0db-6d3914518f2e,0.328460939
905, efa73176-716e-4d2c-bf59-c9ba9889c93d,0.973147605
906, 36cdd871-37f2-4eec-b27f-0e2013b2e26c,0.649472251
907, b1494ae5-2185-44b8-895e-e1957d9395d8,0.630106668
908, b0c35f54-aa51-46b2-b0f9-ecbc5126144e,0.44305223
909, 9940cfde-70b5-49c5-95c6-155c55922eef,0.354258382
910, 02817eed-bdea-4557-9ec0-31568eff9610,0.815235525
911, 218af271-4f61-40eb-8eef-8541ac6eef08,0.963043946
912, dba3353c-a9ad-4c67-9e3f-00d132a8c781,0.108584971
913, f33203f4-66bc-4b76-af24-73cd203c989c,0.637388523
914, 863aac15-9ee5-4fdf-b540-df8e637dd53c,0.07281698
915, 35e88cf8-d9ab-4c35-b1e9-b73ecf559399,0.938029208
916, 1af1fb72-a7fc-483a-8626-5ef4cd1db3ae,0.395260025
917, 0f3457da-8ef0-4e46-88f3-b02b9a55ac0b,0.101285002
918, e440f16b-d372-4e0e-8b53-f088ecfbcfbd,0.699221434
919, 118eb140-db03-489e-8df5-bcb92b487b86,0.758649738
920, d0338bd9-16cf-42d3-b089-0663ecab1fad,0.561394683
921, 495fc5e7-8948-4dc3-8fc2-633b5f453ec4,0.130719173
922, 274d970d-6670-4533-bb54-75c39c3bfa45,0.416898274
923, 4dda978b-2b73-4841-b341-cdd4b931f306,0.524930002
924, f80b408d-09a4-44d7-8288-024102bd94a4,0.680100716
925, 14c502b6-0df3-4445-aa9e-ff6662618cbf,0.105628974
926, b0cd4eb6-f169-406e-a972-5c69ab776631,0.268871347
927, f090ec57-395b-43a4-98f2-0007f3de94ee,0.464609534
928, 628d3b4e-5d57-4e18-8780-deef5c0c1b21,0.183917555
929, 285ff840-c3cb-4f58-91b8-823f065cadf0,0.913686892
930, 920888c8-ae6b-4d23-bfa8-a427a7c2c41e,0.209800984
931, df5910cf-38a3-477b-bdd0-540ce95a004d,0.06674672
932, 9767cf81-4135-4b1c-a40a-8f654be803b7,0.535192944
933, 20ac2c49-f0d8-43fb-b761-fcc0b74f61e6,0.178922143
934, 5e73fd38-0a78-450c-96ae-8eca9acc608a,0.168803126
935, 7885b4f7-fe4c-4f7d-80e1-c8ff3f57d5fd,0.1562884
936, a9802b41-6af3-42c3-97dd-391a0e2d1790,0.183987089
937, 30625bd4-f37b-443e-af82-9abff07f5bc2,0.746517305
938, 7a4deda4-e8d6-4c60-83b9-d7392c4d7848,0.159083306
939, 6ea363d7-0c6f-4897-be1d-6b197eb518a7,0.90477513
940, 4b463d51-9b92-4476-bf40-f280aa689443,0.166934059
941, abe3ea95-93a0-4ea4-8fb6-7e8b22a6f696,0.966199858
942, 6f83cd1b-5f23-4ace-a8b0-1a2b2c71bb12,0.163700752
943, 78f60720-fcf4-4ec5-8346-1b7603300759,0.608739329
944, ab1db6f4-1c4c-4a99-a636-435fbb3377d8,0.790005714
945, 1e885fd2-ab4e-4be4-a7d9-d9c0cf3a6e5e,0.451850752
946, 41655463-ae6a-4938-8d4c-18ec9f4014d5,0.216227909
947, d99b4bc0-aa17-460c-b341-92bb2ff90d09,0.842982077
948, 8d7552a4-8b5b-4c2b-8852-f148e44b537c,0.735468601
949, e90a1539-f5da-4907-9fc8-d863eb4e9da7,0.796720529
950, b0ade576-4baa-433b-9f6f-041f5b48e8f6,0.169874415
951, 72ab1513-8a6a-44d5-83be-3647b0e0268e,0.068510417
952, e315c767-76ae-4cff-bc48-742d2d2cb092,0.403833954
953, 0d4929ca-1ef5-4fb4-a086-91571c8d3358,0.071213437
954, be291652-656b-48f2-9fe4-fa23a8446f42,0.206126247
955, cd4d84ae-7c0a-426c-be4e-b58dbd95e11b,0.087890612
956, 0a0851c3-80c1-408c-9c99-4441919543d3,0.858256678
957, beb109f5-fe5a-4f89-875c-d342abbcc6de,0.85660266
958, df6ed674-8663-4fa2-a113-a217dbb9c0ef,0.118509517
959, f2232041-3eb9-4056-8b73-e3b1b8d049b7,0.222831965
960, a133b78c-a382-4083-b505-c18b00958750,0.704276258
961, 6a7dc38b-cf92-4712-b7cf-472cee5481b0,0.184862717
962, 9703e529-8e0d-4815-b4ed-b1ee7100e58d,0.446189113
963, 8330f5c8-33bf-471f-bde7-4e1c785a4e93,0.529365339
964, cdfafa7c-2bb2-4a09-802d-0c7a89e67640,0.144457399
965, bc01efce-5f07-4666-a710-35bc10358ec8,0.748488805
966, 7f00587c-49a6-42c3-9f51-87da6c9293ec,0.427851001
967, fee7995a-9ec5-499e-84f0-4f468bdb1be7,0.929662828
968, eb9530a4-e249-4b12-9867-1ea716580353,0.468585397
969, d1f942c9-a76e-43b5-b733-42cf0d04ae61,0.91652858
970, 47f5c383-1ed4-49b6-b886-d6228b47179c,0.754042119
971, 3ba346de-936f-49c5-9249-a8a9aa181127,0.64874272
972, 00f26d1d-bb93-4aea-a744-bd62eeddba32,0.942201695
973, d5701f25-5dba-40ae-bc52-f49db1458304,0.794446304
974, 88cbaea0-6baf-4b4d-96b1-9181aace98f7,0.591715679
975, 9cfe96cb-e3af-4635-8f0e-5e76da92ef50,0.595194825
976, 486b5bfa-d221-41ee-b755-56336399aa25,0.967018421
977, b00f1989-10a5-4a7a-9050-f15de5c01db4,0.808158945
978, 4e822cbe-a583-4452-a61c-9614604d2f04,0.734924288
979, eaedd9fd-17d0-4317-a681-3c35c5b8a721,0.228249964
980, 0a814ab6-35c7-4020-b827-81244bdd62d8,0.889401065
981, d06764ac-1cdc-4824-83ad-64ff250a0d1b,0.425889271
982, 25015136-2dc5-4096-80d5-6febd9910ff2,0.729140933
983, 660c9f52-3853-40b0-b85e-d04eadbff269,0.387197025
984, fce9a2b1-0499-41c2-ab13-eaca62f643c1,0.743812476
985, c6bbf380-6fda-48d2-8b92-0aa33c2c64a9,0.141290567
986, ad231ba3-d998-4451-a997-5413f6804636,0.662912766
987, bf5e49a4-9be9-422a-81e7-2944c1af5d35,0.463979507
988, 1894bc77-df8d-4e2c-a466-322796114850,0.972795896
989, 6585e502-8190-463a-b69f-bc4755f07d9c,0.080912514
990, 52cdd0cd-b736-419d-9f89-39b4e2e70123,0.298031722
991, aed75563-7974-455e-8384-c9ce7d2cfbeb,0.327384429
992, 11112d3d-617a-481f-a4a1-6ae06865eca0,0.628007788
993, d4b85818-5599-42c0-8204-38c7b2b58ec0,0.936251341
994, 149647e9-fab8-4e79-9ac8-8286776ff72e,0.200498872
995, cd2a125a-a6d5-407d-9c8d-68321fc2677b,0.982071341
996, 72fb4288-397a-43ba-b4a3-7647ff88e9c4,0.520010745
997, 2873c1f8-2454-4800-9fe7-ce440c97e8f1,0.634335413
998, f3949736-2d00-4b6d-b1fe-63e5c57bf72b,0.46428193
999, 4fd24e70-1bdb-4afa-859a-1c3360d565ad,0.041516908
1000, f8ddb526-7620-4cd8-a77d-bbe0f0cecda4,0.02399975
